epoch,lr-AdamW/pg1,lr-AdamW/pg2,step,train_family_loss,train_genus_loss,train_loss,train_order_loss,train_species_loss
,2.9999999999999997e-05,0.0003,0,,,,,
0,,,49,0.7379909753799438,0.7527319192886353,0.7440305352210999,0.6961679458618164,0.7598379850387573
0,,,99,0.7337820529937744,0.7479633092880249,0.7390204071998596,0.6878920793533325,0.755460262298584
0,,,149,0.7336603403091431,0.7479407787322998,0.7387974858283997,0.6875274181365967,0.7550730109214783
